{
  "objects": {
    "token_1762107493374": {
      "id": "token_1762107493374",
      "x": 238.24693335737044,
      "y": 372.7119405014897,
      "rotation": 0
    },
    "card_1762107508965": {
      "id": "card_1762107508965",
      "x": 288.4499999999998,
      "y": 447.70000000000005,
      "rotation": 0
    },
    "token_1762107512470": {
      "id": "token_1762107512470",
      "x": 1180.0101918478967,
      "y": 391.6123809268789,
      "rotation": 0
    },
    "token_1762107514589": {
      "id": "token_1762107514589",
      "x": 761.0142583386629,
      "y": 513.8954021748438,
      "rotation": 0
    },
    "token_1762107514837": {
      "id": "token_1762107514837",
      "x": 1184.9171162029234,
      "y": 522.0506004585123,
      "rotation": 0
    },
    "token_1762107517357": {
      "id": "token_1762107517357",
      "x": 1342.657628640006,
      "y": 362.99007802778647,
      "rotation": 0
    },
    "token_1762107521237": {
      "id": "token_1762107521237",
      "x": 1186.9086496203636,
      "y": 342.029900272782,
      "rotation": 0
    },
    "token_1762107522357": {
      "id": "token_1762107522357",
      "x": 1215.500869895805,
      "y": 403.6764651957161,
      "rotation": 0
    },
    "token_1762107522526": {
      "id": "token_1762107522526",
      "x": 1174.9186003682773,
      "y": 348.2453934843481,
      "rotation": 0
    },
    "token_1762107522685": {
      "id": "token_1762107522685",
      "x": 1205.5806347276175,
      "y": 280.3617206387012,
      "rotation": 0
    },
    "token_1762107522830": {
      "id": "token_1762107522830",
      "x": 1289.4162119628545,
      "y": 366.8357443244246,
      "rotation": 0
    },
    "token_1762107522973": {
      "id": "token_1762107522973",
      "x": 751.8864667565945,
      "y": 271.87381627432956,
      "rotation": 0
    },
    "token_1762107529910": {
      "id": "token_1762107529910",
      "x": 576.527561126627,
      "y": 987.0010146381535,
      "rotation": 0
    },
    "card_1762107533165": {
      "id": "card_1762107533165",
      "x": 1131.4,
      "y": 433.90000000000003,
      "rotation": 0
    },
    "token_1762107552877": {
      "id": "token_1762107552877",
      "x": 1040.219195080775,
      "y": 367.9183534614159,
      "rotation": 0
    },
    "token_1762107556366": {
      "id": "token_1762107556366",
      "x": 890.6258954423786,
      "y": 573.4826512958366,
      "rotation": 0
    },
    "token_1762107599773": {
      "id": "token_1762107599773",
      "x": 864.2866094408597,
      "y": 368.5089084345079,
      "rotation": 0
    },
    "token_1762107600285": {
      "id": "token_1762107600285",
      "x": 759.2818446649901,
      "y": 470.5151234746712,
      "rotation": 0
    },
    "token_1762107600485": {
      "id": "token_1762107600485",
      "x": 603.1455311548197,
      "y": 370.36150735953635,
      "rotation": 0
    },
    "token_1762107600684": {
      "id": "token_1762107600684",
      "x": 1183.1228250239594,
      "y": 479.5217264464036,
      "rotation": 0
    },
    "token_1762107600869": {
      "id": "token_1762107600869",
      "x": 1326.0443603976964,
      "y": 503.30728060956324,
      "rotation": 0
    },
    "token_1762107601053": {
      "id": "token_1762107601053",
      "x": 1036.6257653605078,
      "y": 543.0509095514446,
      "rotation": 0
    },
    "token_1762107601237": {
      "id": "token_1762107601237",
      "x": 660.967598887552,
      "y": 513.448619676192,
      "rotation": 0
    },
    "token_1762107601405": {
      "id": "token_1762107601405",
      "x": 1303.398808278087,
      "y": 266.3952297075816,
      "rotation": 0
    },
    "token_1762107601557": {
      "id": "token_1762107601557",
      "x": 1190.8920295968437,
      "y": 386.6475608476452,
      "rotation": 0
    },
    "token_1762107601710": {
      "id": "token_1762107601710",
      "x": 1096.3071914285015,
      "y": 375.0521824197326,
      "rotation": 0
    },
    "token_1762107601837": {
      "id": "token_1762107601837",
      "x": 1022.5047137236206,
      "y": 351.87263917053417,
      "rotation": 0
    },
    "token_1762107601997": {
      "id": "token_1762107601997",
      "x": 913.1060118079785,
      "y": 362.8384628060206,
      "rotation": 0
    },
    "token_1762107602166": {
      "id": "token_1762107602166",
      "x": 725.8606109212146,
      "y": -114.97508010000155,
      "rotation": 0
    },
    "token_1762107602293": {
      "id": "token_1762107602293",
      "x": 304.1611155154708,
      "y": 457.2571097696606,
      "rotation": 0
    },
    "token_1762107602413": {
      "id": "token_1762107602413",
      "x": 1332.7118289057844,
      "y": 281.3044950998482,
      "rotation": 0
    },
    "token_1762107604749": {
      "id": "token_1762107604749",
      "x": -57.82102304540706,
      "y": 42.419666632483995,
      "rotation": 0
    },
    "token_1762107604965": {
      "id": "token_1762107604965",
      "x": 343.41302801728926,
      "y": 523.9990216872523,
      "rotation": 0
    },
    "token_1762107605149": {
      "id": "token_1762107605149",
      "x": 707.0302456038685,
      "y": 370.9837737134695,
      "rotation": 0
    },
    "token_1762107605341": {
      "id": "token_1762107605341",
      "x": 1037.151560642896,
      "y": 408.8685650951177,
      "rotation": 0
    },
    "token_1762107605533": {
      "id": "token_1762107605533",
      "x": 1151.6558774878092,
      "y": 529.0780353399738,
      "rotation": 0
    },
    "token_1762107605692": {
      "id": "token_1762107605692",
      "x": 758.1628945937933,
      "y": 424.4213475005774,
      "rotation": 0
    },
    "token_1762107605853": {
      "id": "token_1762107605853",
      "x": 1087.5399160917857,
      "y": 257.5600872896465,
      "rotation": 0
    },
    "token_1762107606021": {
      "id": "token_1762107606021",
      "x": 1186.6631298570808,
      "y": 433.91965687804645,
      "rotation": 0
    },
    "token_1762107606188": {
      "id": "token_1762107606188",
      "x": 1044.4808705920602,
      "y": 266.3654271903248,
      "rotation": 0
    },
    "token_1762107606325": {
      "id": "token_1762107606325",
      "x": 264.82873953993885,
      "y": 535.5008565724554,
      "rotation": 0
    },
    "token_1762107606493": {
      "id": "token_1762107606493",
      "x": 1120.0462562342154,
      "y": 145.68404472689298,
      "rotation": 0
    },
    "token_1762107606677": {
      "id": "token_1762107606677",
      "x": 1317.0624221062005,
      "y": 405.3173641228094,
      "rotation": 0
    },
    "token_1762107606853": {
      "id": "token_1762107606853",
      "x": 1023.8285001450026,
      "y": 307.0833114596163,
      "rotation": 0
    },
    "token_1762107606981": {
      "id": "token_1762107606981",
      "x": 305.7704064045681,
      "y": 501.1205727493261,
      "rotation": 0
    },
    "token_1762107607142": {
      "id": "token_1762107607142",
      "x": 1251.3588848085933,
      "y": 278.3235239523504,
      "rotation": 0
    },
    "token_1762107607381": {
      "id": "token_1762107607381",
      "x": 756.575903385276,
      "y": 374.19439057187304,
      "rotation": 0
    },
    "token_1762107607558": {
      "id": "token_1762107607558",
      "x": 754.4739844118363,
      "y": 56.829433319126025,
      "rotation": 0
    },
    "token_1762107607717": {
      "id": "token_1762107607717",
      "x": 1187.05514926769,
      "y": 518.7772277715492,
      "rotation": 0
    },
    "token_1762107607877": {
      "id": "token_1762107607877",
      "x": 190.74361094218852,
      "y": -138.8911670258032,
      "rotation": 0
    },
    "token_1762107620230": {
      "id": "token_1762107620230",
      "x": 1189.3184188432172,
      "y": 480.5549275450547,
      "rotation": 0
    },
    "token_1762107620781": {
      "id": "token_1762107620781",
      "x": 1137.0779090641,
      "y": 532.2484237047622,
      "rotation": 0
    },
    "token_1762107620998": {
      "id": "token_1762107620998",
      "x": 1178.7355475909424,